<?xml version="1.0" encoding="UTF-8"?>
<!DOCTYPE hibernate-configuration PUBLIC
"-//Hibernate/Hibernate Configuration DTD 3.0//EN"
"http://hibernate.sourceforge.net/hibernate-configuration-3.0.dtd">
<hibernate-configuration>
 <session-factory>
  
    <property name="connection.url">jdbc:mysql://localhost:3306/usersdb</property>
    <property name="connection.username">root</property>
    <property name="connection.password">mynewpassw0rd</property>
    <property name="connection.driver_class">com.mysql.jdbc.Driver</property>
    <property name="dialect">org.hibernate.dialect.MySQLDialect</property>
  
    <property name="show_sql">true</property>
  
    <property name="format_sql">false</property>
   
  
    <!-- JDBC connection pool (use the built-in) -->
    <property name="connection.pool_size">1</property>
    <property name="current_session_context_class">thread</property>
 
     <mapping class="com.blog.samples.webservices.hotelservice.Hotel" />
     
 
 <!-- <mapping resource="com/mkyong/user/DBUser.hbm.xml"></mapping> -->
</session-factory>
</hibernate-configuration>