<?xml version="1.0" encoding="UTF-8" ?>
<beans:beans xmlns="http://www.springframework.org/schema/security" 
      xmlns:beans="http://www.springframework.org/schema/beans"     
	xmlns:xsi="http://www.w3.org/2001/XMLSchema-instance" xmlns:context="http://www.springframework.org/schema/context"
	xmlns:security="http://www.springframework.org/schema/security"

	xsi:schemaLocation="http://www.springframework.org/schema/beans http://www.springframework.org/schema/beans/spring-beans-3.0.xsd
                        http://www.springframework.org/schema/context http://www.springframework.org/schema/context/spring-context-3.0.xsd
                        http://www.springframework.org/schema/security http://www.springframework.org/schema/security/spring-security-3.1.xsd">

	<security:http auto-config="true"  use-expressions="true">
		<security:intercept-url pattern="/update*" access="ROLE_ADMIN" />
		<security:intercept-url pattern="/main*" access="ROLE_ADMIN" />
		<security:form-login login-page="/login" default-target-url="/main" authentication-failure-url="/loginError" />
		<security:http-basic />
	</security:http>

	<security:authentication-manager>
		<security:authentication-provider>
			<security:user-service>
				<security:user name="alpha" password="pass1"
					authorities="ROLE_ADMIN" />
			</security:user-service>
		</security:authentication-provider>
	</security:authentication-manager>


    <beans:bean id="roleVoter"
        class="org.springframework.security.access.vote.RoleVoter">
        <beans:property name="rolePrefix" value=""></beans:property>
    </beans:bean>
 
    <beans:bean id="accessDecisionManager"
        class="org.springframework.security.access.vote.AffirmativeBased">
        <beans:constructor-arg name="decisionVoters"
            ref="roleVoter" />
    </beans:bean>
    
    
    <http authentication-manager-ref="dao-auth"
        access-decision-manager-ref="accessDecisionManager"> 
        <intercept-url pattern="/emp/**" access="Admin" />
        <form-login login-page="/login" authentication-failure-url="/denied"
            username-parameter="username" password-parameter="password"
            default-target-url="/home" />
        <logout invalidate-session="true" logout-success-url="/login"
            logout-url="/j_spring_security_logout" />
        <access-denied-handler error-page="/denied"/>
        <session-management invalid-session-url="/login">
            <concurrency-control max-sessions="1"
                expired-url="/login" />
        </session-management>
    </http>
    
        <authentication-manager id="in-memory-auth">
        <authentication-provider>
            <user-service>
                <user name="pankaj" password="pankaj123" authorities="Admin" />
            </user-service>
        </authentication-provider>
    </authentication-manager>
 
    <authentication-manager id="dao-auth">
        <authentication-provider user-service-ref="userDetailsService">
        </authentication-provider>
    </authentication-manager>
    <beans:bean id="userDetailsService"
        class="com.mkyong.common.dao.LocalUserDetailService" />

</beans:beans>